NR_VOTAVEL;NM_VOTAVEL;NM_URNA;SG_PARTIDO;RESULTADO;TOTAL_VOTOS
40555;Romero Jatobá Cavalcanti Neto;Romerinho Jatobá;PSB;ELEITO;20264
22222;Gilson Machado Guimarães;Gilson Machado Filho;PL;ELEITO;16095
40888;Aderaldo De Oliveira Florêncio;Aderaldo Pinto;PSB;ELEITO;15793
40000;Andreza Bandeira Ferreira De Oliveira Melo Albuquerque;Andreza Romero;PSB;ELEITO;15785
40123;Natália Rayane Couto Barbosa Santana;Natália De Menudo;PSB;ELEITO;15198
40444;Rafael Acioli Medeiros;Eriberto Rafael;PSB;ELEITO;14867
13100;Liana Cristina Da Costa Cirne Lins;Liana Cirne;PT;ELEITO;14810
40654;Luiz Felipe Camara De Oliveira Pontes;Felipe Francismar;PSB;ELEITO;13850
40623;Carlos Eduardo Muniz Pacheco;Carlos Muniz;PSB;ELEITO;13400
15615;Samuel Rodrigues Dos Santos Salazar;Samuel Salazar;MDB;ELEITO;13348
40540;Rinaldo Alves De Lima Junior;Rinaldo Junior;PSB;ELEITO;12664
43999;Marco Aurélio De Medeiros Lima Ii;Marco Aurélio Filho ;PV;ELEITO;12424
40002;Rubem Rodrigues Da Silva;Agora é Rubem;PSB;ELEITO;12240
55122;Davi Bernardo Muniz;Davi Muniz;PSD;ELEITO;11946
22622;Frederico Menezes De Moura Sobrinho Ferreira;Fred Ferreira;PL;ELEITO;11804
40678;Eduardo Knauer Da Mota;Eduardo Mota;PSB;ELEITO;11786
65113;Maria Aparecida Pedrosa Bezerra;Cida Pedrosa;PC do B;ELEITO;11364
43643;Flávia Renata Queiroz Do Nascimento;Flávia De Nadegi;PV;ELEITO;11278
40900;Jos? Louren?o De Sobral Neto;Z? Neto;PSB;ELEITO;11027
22822;Thiago Medina Duarte;Thiago Medina;PL;ELEITO;10540
40500;Luiz Eustáquio Ramos Neto;Luiz Eustáquio;PSB;ELEITO;10474
40040;Cleto Correia Lima J?nior;J?nior De Cleto;PSB;ELEITO;9922
40028;Helio Batista De Oliveira;H?lio Guabiraba;PSB;ELEITO;9793
15111;Fabiano Ferraz;Fabiano Ferraz;MDB;ELEITO;9778
40456;Jos? Wilton De Brito Cavalcanti;Wilton Brito;PSB;ELEITO;9496
40999;Francisco Ferreira Da Silva Filho;Chico Kiko;PSB;SUPLENTE;9432
22321;Paulo Sergio Moreira Muniz Filho;Paulo Muniz;PL;ELEITO;9395
13613;Karina Da Silva Santos;Kari Santos;PT;ELEITO;9321
13650;Osmar Ricardo Cabral Barreto;Osmar Ricardo;PT;SUPLENTE;9268
13001;Jairo Xavier De Britto;Professor Jairo Britto;PT;SUPLENTE;9042
70000;Alcides Teixeira Neto;Alcides Teixeira Neto;AVANTE;ELEITO;8909
40147;Almir Fernando Alves;Almir Fernando;PSB;SUPLENTE;8722
10123;Ana L?cia Do Rego Ferreira;Professora Ana L?cia;REPUBLICANOS;ELEITO;8592
40699;Eduardo Amorim Marques Da Cunha;Eduardo Marques;PSB;SUPLENTE;8346
10000;Rodrigo Bezerra Coutinho De Melo;Rodrigo Coutinho;REPUBLICANOS;ELEITO;8317
40112;Joselito Ferreira Da Silva;Joselito Ferreira;PSB;SUPLENTE;8260
40140;Aline Brito Martins Da Fonseca;Aline Mariano;PSB;SUPLENTE;8031
55045;Inaldo Gerson Pereira Freires;Junior Boc?o;PSD;ELEITO;7985
30630;Felipe Espindola Alecrim;Felipe Alecrim;NOVO;ELEITO;7901
22111;Nilson Pereira Da Silva;Nilson Pereira;PL;SUPLENTE;7702
50000;Maria Joselita Pereira Cavalcanti;J? Cavalcanti;PSOL;ELEITO;7619
11611;Alef Cleiton Collins Aguiar Gon?alves;Alef Collins;PP;ELEITO;7131
11011;Ronaldo Lopes Da Silva;Ronaldo Lopes;PP;SUPLENTE;7000
15015;Tadeu Henrique Pimentel Calheiros;Tadeu Calheiros;MDB;ELEITO;6916
55999;Josu? Varela De Oliveira;Doduel Varela;PSD;SUPLENTE;6577
11000;Emanoel Estanislau Gouveia;Pb. Emanoel Estanislau;PP;SUPLENTE;6407
27424;Benjamim Goncalves Da Silva Junior;Benjamim Da Sa?de;DC;N?O ELEITO;6382
55555;Andr?a Dubeux De Paula Travassos;D?a De Paula;PSD;SUPLENTE;6016
15620;Ivo Irineu Bispo;Ivo Do Armazem;MDB;SUPLENTE;5638
18888;Weberson Fl?vio Sobral Flor?ncio;Ebinho Florencio;REDE;SUPLENTE;5391
55666;Antonio Luiz Da Silva Neto;Antonio Luiz Neto;PSD;SUPLENTE;5314
15777;Waldomiro Amorim Rolim Mota;Professor Mirinho;MDB;SUPLENTE;5312
30333;Eduardo Ramos De Moura;Eduardo Moura;NOVO;ELEITO;5283
65100;Jose Francis Herbert Da Concei??o;Francis Herbert;PC do B;SUPLENTE;5275
43333;Victor Andr? Gomes Cavalcanti Batista;Victor Andr? Gomes;PV;SUPLENTE;5269
22022;Alcides Jose De Albuquerque Cardoso;Alcides Cardoso;PL;SUPLENTE;5189
40333;Irinaldo Joao Da Silva;Tadinho Jo?o;PSB;SUPLENTE;5082
22333;Rog?rio Magalhaes Mello;Tenente Rogerio Magalhaes;PL;SUPLENTE;5009
25025;Gilberto Dario De Melo Alves;Gilberto Alves;PRD;ELEITO;4985
22122;Rodrigo De Miranda Ferreira Gomes;Rodrigo Gomes;PL;SUPLENTE;4930
13123;Tomas Agra Celino De Melo;Tomas Do Mst;PT;SUPLENTE;4920
50100;Carolina Barbosa Oliveira Vergolino;Carol Vergolino;PSOL;SUPLENTE;4907
40245;Geovane Jovino Da Silva;Vanio Silva;PSB;SUPLENTE;4788
40670;Marcos Antonio Gomes Da Silva J?nior;J?nior Di Bria;PSB;SUPLENTE;4572
15555;Elson Carlos Ferreira Do Nascimento;Elson ?tica;MDB;SUPLENTE;4560
11111;Gilv?nia L?cia Mendes De Moura Gomes;Gil T?rcio;PP;SUPLENTE;4507
40400;Maria Do Ceu De Ataide Vasconcelos;Maria Do C?u;PSB;SUPLENTE;4367
15123;F?bio Gomes De Souza Junior;F?bio Gomes;MDB;SUPLENTE;4091
13456;Andr? Wilson De Queiroz Campos;Andr? Campos;PT;SUPLENTE;4017
55010;Andr? Regis De Carvalho;Andre Regis;PSD;SUPLENTE;3983
22123;Flavia Araujo Dos Santos Lucena;Pastora Fl?via Santos;PL;SUPLENTE;3847
15000;Gutembergue Alves De Santana Junior;Bergue Junior;MDB;SUPLENTE;3841
15115;Murilo Rodrigues Cavalcanti;Murilo;MDB;SUPLENTE;3757
70777;Douglas Pereira De Brito;Douglas Brito Ativista;AVANTE;SUPLENTE;3741
30000;George Emilio De Moraes Bastos Goncalves;George Bastos;NOVO;SUPLENTE;3714
40543;Paulo Giroldo Cavalcanti Da Silva;Giroldo;PSB;SUPLENTE;3506
70555;Dilson Batista De Albuquerque;Dilson Batista;AVANTE;SUPLENTE;3494
70615;Jo?o De Deus Dos Santos;Jo?o De Deus;AVANTE;SUPLENTE;3494
70622;Samuel Souza Da Silva;Cabo Samuel;AVANTE;SUPLENTE;3494
40800;Priscila Araujo Ferraz;Priscila Ferraz;PSB;SUPLENTE;3466
10910;Maria Goretti Cordeiro De Queiroz;Goretti Queiroz;REPUBLICANOS;SUPLENTE;3459
11456;Ant?nio Batista De Moura Filho;Toinho Da Uni?o;PP;SUPLENTE;3439
11555;Wendel Felix Dos Santos;Wendel Felix;PP;SUPLENTE;3439
11667;Amaro Cipriano De Lima;Maguari;PP;SUPLENTE;3416
13144;Jo?o Da Costa Bezerra Filho;Jo?o Da Costa;PT;SUPLENTE;3373
10321;Daniel Tadeu Uch?a Mateus;Daniel Uch?a;REPUBLICANOS;SUPLENTE;3180
13000;Suzineide Rodrigues De Medeiros;Suzi Rodrigues;PT;SUPLENTE;3079
30300;Eduardo Inojosa Goncalves De Barros;Eduardo Inojosa;NOVO;SUPLENTE;2791
30622;Mario Brasiliano Do Nascimento;Mario Brasiliano;NOVO;SUPLENTE;2622
10500;Thiago Nobrega De Lima;Thiaguinho Filho Do Jord?o;REPUBLICANOS;SUPLENTE;2610
15222;Waldyr Pequeno De Arruda Junior;Badizinho;MDB;SUPLENTE;2599
55700;Luiz Walber Dos Santos;Walber Santos;PSD;SUPLENTE;2501
55755;Hildeberto Alves Da Silva Junior;Hildeberto Junior;PSD;SUPLENTE;2501
10610;Joaquim Guilherme Xisto Ribeiro De Sena;Guilherme Xisto;REPUBLICANOS;SUPLENTE;2461
50999;Kimberly Yasmim Alves De Mendonca;Yasmim Alves;PSOL;SUPLENTE;2365
27123;Edmar De Oliveira E Silva;Edmar De Oliveira;DC;N?O ELEITO;2350
55400;Ant?nio St?nio Barbosa Gomes;Dr  St?nio;PSD;SUPLENTE;2324
55423;Victor Gilliard De Carvalho Lopes;Victor Torres;PSD;SUPLENTE;2324
40111;Wellington Dos Santos Vilar;Wellington E Carlos Marcenaria;PSB;SUPLENTE;2214
22190;Aenia Danieli Feitosa Barbosa;Cabo Aenia;PL;SUPLENTE;2205
40640;Jos? Lu?s Sim?es;Professor Z? Lu?s;PSB;SUPLENTE;2148
15333;Wilson Pereira Machado Lapa;Wilson Lapa;MDB;SUPLENTE;2105
30123;Luiz Carlos Vera Cruz;Luiz Carlos;NOVO;SUPLENTE;2062
33000;Rafael Nunes Da Silva;Rafael Nunes;MOBILIZA;N?O ELEITO;2055
30222;Gabriel Freitas Silva Barreto Campello;Gabriel Barreto Campello;NOVO;SUPLENTE;1951
22999;Paulo S?rgio Alves Abou Hana;Paulo Abou Hana;PL;SUPLENTE;1913
55333;S?vio Rodrigues Silva;S?vio Rodrigues;PSD;SUPLENTE;1906
10999;Israel Barbosa Vaz;Israel Vaz O Amigo Que Faz;REPUBLICANOS;SUPLENTE;1892
40180;Stephannye Vilela Dos Santos Souza;Ste Vilela;PSB;SUPLENTE;1884
50222;Carmem Dolores Alves;Carmem Dolores;PSOL;SUPLENTE;1865
10444;Romero Ferreira Cordeiro;Romero Cordeiro Filho Do Morro;REPUBLICANOS;SUPLENTE;1843
15122;Christiano Demetrius Pacifico;Coronel Pac?fico;MDB;SUPLENTE;1781
25000;Rogerio Facanha De Souza;Belo Belo;PRD;SUPLENTE;1780
10010;Ozeias Paulo Da Silva;Ozeias Paulo;REPUBLICANOS;SUPLENTE;1751
15007;Wilderley Santos Chagas;Derley Chagas;MDB;SUPLENTE;1751
18999;Thyago De Amorim Batista;Thyago Do Inocoop;REDE;SUPLENTE;1727
25123;Erivelte Pereira Da Silva;Professor Erivelte;PRD;SUPLENTE;1705
40190;Josemi Sim?es Da Silva;Josemi Sim?es;PSB;SUPLENTE;1674
70456;Ricardo Jorge Da Cruz;Ricardo Cruz Castram?vel;AVANTE;SUPLENTE;1674
13013;Erika Suruagy Assis De Figueiredo;Erika Suruagy;PT;SUPLENTE;1659
22019;Paulo Fernando Andrade Matos;Coronel Paulo Matos;PL;SUPLENTE;1601
30555;Deborah Julianna Leite Alves;Deborah Leite;NOVO;SUPLENTE;1599
40001;Juan Elvis Victor Dos Anjos Oliveira;Vem Com Elvis;PSB;SUPLENTE;1578
70888;Adriano Da Silva Almeida;Adriano Planeta De Deus;AVANTE;SUPLENTE;1564
70999;Iracenira Da Silva Paix?o Falc?o Farias;Cenira Da Sa?de;AVANTE;SUPLENTE;1564
10111;Eduardo Amancio Da Silva;Eduardo Amancio;REPUBLICANOS;SUPLENTE;1525
22000;Joao Eurico Da Silva Neto;Netinho Eurico;PL;SUPLENTE;1515
30616;Luciano Marques Da Silva;Becinha;NOVO;SUPLENTE;1507
77777;Juliana Gabriela Xavier De Oliveira;Juliana Enfermeira;SOLIDARIEDADE;N?O ELEITO;1494
25777;David Gerson Farias Dantas;Deivinho Dantas;PRD;SUPLENTE;1414
10333;Thalles Pitter Gomes Da Silva;Thalles Cherles;REPUBLICANOS;SUPLENTE;1402
10400;Adeilson Martins Dos Santos;Lelinho Martins;REPUBLICANOS;SUPLENTE;1402
15001;Marcelo Do Nascimento Silva;Marcelo Marcelinho;MDB;SUPLENTE;1383
25555;Aristoteles Ferreira Dutra;Dr Ari Dutra;PRD;SUPLENTE;1322
25111;Marcos Ant?nio Da Silva;Marcos Justino;PRD;SUPLENTE;1272
10055;Nelson Fernandes Cristovam;Nelsinho;REPUBLICANOS;SUPLENTE;1230
25625;Altair Da Silva Ferreira;Altair Ferreira;PRD;SUPLENTE;1223
22716;Joceliton Auranildo C Alves De Siqueira;Lito Do Ibura;PL;SUPLENTE;1211
30190;Tereza Maria Barbosa Nogueira;Delegada Tereza Nogueira;NOVO;SUPLENTE;1171
11177;Edilson Gomes De Melo;Unidos Com Edilson Do Metro;PP;SUPLENTE;1160
11188;Euma Decia Leonidas Gomes Tavares De Sousa;Euma Le?nidas;PP;SUPLENTE;1160
40100;Ada Helena Melo Rodrigues Da Silva;Professora Ada Helena;PSB;SUPLENTE;1147
40192;Vera L?cia Lopes Vieira;Dra Vera Lopes;PSB;SUPLENTE;1146
50777;Ailce Moreira De Melo;Ailce Moreira;PSOL;SUPLENTE;1144
30650;Andre Cesar Fragoso De Siqueira;Andre Serralheiro Filho;NOVO;SUPLENTE;1139
40240;Germana Soares Sampaio De Lacerda;Germana Lacerda;PSB;SUPLENTE;1139
30930;Felipe Jose De Amorim;Felipe Coco;NOVO;SUPLENTE;1122
25001;Jose Henrique Da Silva Melo;Psicologo Henrique Melo;PRD;SUPLENTE;1088
22100;Sidney Edipo Da Silva;Sidney Edipo;PL;SUPLENTE;1087
10310;Walter Marinho Dos Reis;Walter Reis;REPUBLICANOS;SUPLENTE;1077
40777;Claudionora Da Silva Ferreira;Kal Ferreira;PSB;SUPLENTE;1064
30321;Joao Paulo Barreto Da Cunha Lustosa;Joao Paulo Lustosa;NOVO;SUPLENTE;1057
25500;Cicero Jos? De Almeida Castro;Cicero Almeida;PRD;SUPLENTE;1055
15422;Jacimara Maria Reppegather;Bispa Jacimara;MDB;SUPLENTE;1046
27000;Robson Alexandre Viana De Souza;Dr. Robson Viana;DC;N?O ELEITO;1000
30500;Cleiton Miguel Da Silva;Cleiton Miguel Fonoaudiologo;NOVO;SUPLENTE;979
11777;Rogerio Lima De Lucca;Dr. Rogerio Lucca;PP;SUPLENTE;974
11789;Levi Judson De Arruda Meneses;Levi De Ecl?sio;PP;SUPLENTE;974
50412;Ivonise Nascimento Santos;Nise Santos;PSOL;SUPLENTE;965
55123;Thiago Da Silva;Professor Thiago;PSD;SUPLENTE;962
50420;Elaine Cristina Da Silva;Elaine Cristina;PSOL;SUPLENTE;957
18000;Luciana Carneiro Nunes;Lu Do Pru;REDE;SUPLENTE;955
70321;Josue Ricardo Da Silva;Paraiba Cell;AVANTE;SUPLENTE;910
25003;Dario Pessoa De Barros;Dario Pessoa;PRD;SUPLENTE;898
18123;Ricardo Gad?lha Cabral Sales De Melo Priori;Ricardo Gadelha;REDE;SUPLENTE;897
25015;Tarcis Guimar?es Da Silva;Tarcis;PRD;SUPLENTE;883
30030;Gessica Roberta De Almeida Araujo;Gessica Almeida;NOVO;SUPLENTE;879
55155;Jacques Alberto Ribemboim;Jacques Ribemboim;PSD;SUPLENTE;868
25110;Raphael Da Silva Lima;Rafa Lima;PRD;SUPLENTE;854
70070;Magno Gomes Dos Santos;Irm?o Magno;AVANTE;SUPLENTE;852
22144;Igor Alves De Lima;Igor A Voz Do Povo;PL;SUPLENTE;844
33333;Nelson Monteiro Costa Netto;Nelson Monteiro ;MOBILIZA;N?O ELEITO;818
22456;Ant?nio Marco Mendes Dos Santos;Marco Ser?;PL;SUPLENTE;815
18018;Lilian Pollyana Dias Ferreira;Polly Da Amar;REDE;N?O ELEITO;814
55955;Ubirajara Emanuel Tavares De Melo Filho;Bira Da Universo;PSD;SUPLENTE;786
25193;Murilo Vieira Da Silva;Murilo Vieira;PRD;SUPLENTE;758
10222;Anderson Sarinho Ribeiro;C? Do Povo;REPUBLICANOS;SUPLENTE;737
11133;Rodrigo Patriota Pires;Rodrigo Patriota;PP;SUPLENTE;734
15915;Marcelo Sobral Silva;Marcelo Sobral A For?a Do Povo;MDB;SUPLENTE;718
22234;Caliope Jose Monteiro Da Silveira;Caliope Monteiro;PL;SUPLENTE;715
70123;Wellington Domingos Da Silva;Wellington Boite;AVANTE;SUPLENTE;705
15156;Jaiza Catarina Francisca Met?dio;Jaiza Met?dio;MDB;SUPLENTE;699
30999;Jose Hilton Ribeiro De Barros;Hilton Ribeiro;NOVO;SUPLENTE;699
30456;Adelmo Madson Gomes Da Silva Filho;Professor Adelmo Madson;NOVO;SUPLENTE;672
55444;Carlos Andre Pereira De Arruda;Pastor Carlos Andr?;PSD;SUPLENTE;663
22139;Josu? Augusto Da Silva;Josu? Augusto;PL;SUPLENTE;648
27640;Jefferson Gabriel Santos Do Nascimento;Jefferson Ordin?rio;DC;N?O ELEITO;640
50113;Joelma Andrade De Lima;Joelma Andrade;PSOL;SUPLENTE;625
10456;Jos? Francisco Tavares Neto;Neto Da Sa?de;REPUBLICANOS;SUPLENTE;605
22062;Jorge De Ara?jo Vieira J?nior;Jorge Parafina;PL;SUPLENTE;593
10110;Geferson Jos? Da Silva;Pastor Geferson Silva;REPUBLICANOS;SUPLENTE;582
40411;Maria Das Gra?as De Almeida Silva;Gracinha Almeida;PSB;SUPLENTE;574
11121;Romero Barbosa Da Silva Junior;Romero Futev?lei;PP;SUPLENTE;570
11123;Bruno Da Silva Oliveira;Bruno Oliveira;PP;SUPLENTE;570
30007;Carlos Eduardo Vila Nova De Souza;Eduardo Vila Nova;NOVO;SUPLENTE;561
11444;Suhellen Oliveira Da Silva;Suhellen Oliveira;PP;SUPLENTE;552
15520;Jose Edson Pereira Da Silva;Ninho Arypeter;MDB;SUPLENTE;547
15999;Ricardo Jos? Barbosa Calado;Ricardo Radiador;MDB;SUPLENTE;542
30111;Ana Carolina Messias De Souza Ferreira Da Costa;Dra Carol Messias;NOVO;SUPLENTE;533
65500;Altamiza Melo Silva;Altamiza Da Favela;PC do B;SUPLENTE;530
30888;Debora Conceicao De Moura Ferreira Clementino Bezerra;Debora Moura;NOVO;SUPLENTE;521
25190;Jos? Rog?rio Veloso;Rogerio Veloso;PRD;SUPLENTE;517
30122;Janailson Ferreira Da Silva;Janailson Ferreira Da Silva;NOVO;SUPLENTE;517
27777;Luciano Ant?nio Oliveira Da Silva;Luciano Oliveira Recife;DC;N?O ELEITO;515
10140;Adelson Da Silva Pereira;Nen Do Coque;REPUBLICANOS;SUPLENTE;514
30130;Eduardo Miranda Brandao;Dr Eduardo Miranda;NOVO;SUPLENTE;514
30100;Edson Moura Lima;Edson Otica;NOVO;SUPLENTE;510
18222;Rosangela Maria Silva Da Luz;Lala Renovada;REDE;SUPLENTE;505
70678;Arnaldo Monteiro Cavalcanti Filho;Arnaldo Monteiro;AVANTE;SUPLENTE;504
13011;Domingos S?vio Cavalcanti Campos;Domingos S?vio;PT;SUPLENTE;494
27272;Jo?o Carlos Alves De Lima;Jo?o Carlos Baiano;DC;N?O ELEITO;493
10900;Z?lia Fernandes Nery;Irm? Z?lia Nery;REPUBLICANOS;SUPLENTE;482
15040;Ledja Cibelle Albuquerque Dantas;Cibelle Albuquerque;MDB;SUPLENTE;482
70700;Adelmo Ferreira Barbosa;Adelmo Sto Amaro;AVANTE;SUPLENTE;479
70789;Mario Pinheiro Bezerra;Mario Pinheiro;AVANTE;SUPLENTE;479
25121;Silvio Ricardo Cezar Barbosa;Silvio Ricardo;PRD;SUPLENTE;472
55197;Shirley Wanessa Do Nascimento;Shirley Wanessa;PSD;SUPLENTE;470
55220;Ronaldo Francisco Da Silva;Di?cono Ronaldo;PSD;SUPLENTE;470
70707;Patricia Maria Ferreira De Souza;Comiss?ria Patr?cia Ferreira;AVANTE;SUPLENTE;468
22444;Frederico Jos? Da Silva Pereira Filho;Fred Filho;PL;SUPLENTE;467
15900;Alberty Jos? Da Silva;Afonso Que Faz;MDB;SUPLENTE;466
50123;Uilder C?sar De Lima;Uilder Lima;PSOL;SUPLENTE;459
10537;Marcelo Cezar Santos;Marcelo Da Cooperativa;REPUBLICANOS;SUPLENTE;456
13999;Suet?nio Gon?alves De Lima;Suet?nio;PT;SUPLENTE;453
27191;Marlon Marques Vieira De Melo;Marlon Vieira De Melo;DC;N?O ELEITO;453
65854;Edcleide Rufino De Oliveira;Dinha De Saramandaia;PC do B;SUPLENTE;453
50080;Lorena Montenegro Cocentino;Resist?ncia Autista;PSOL;SUPLENTE;449
18010;Adeilda Alves De Barros;Adeilda Barros;REDE;SUPLENTE;448
10210;Henrique De Almeida Conde;Henrique Conde;REPUBLICANOS;SUPLENTE;445
10777;Luciano Jos? Louren?o Sales;Irm?o Luciano Do Valle;REPUBLICANOS;SUPLENTE;442
70007;Severino Queiroga Da Silva;Queiroga;AVANTE;SUPLENTE;441
70222;Daniel Nicodemos Marques;Daniel Ti?;AVANTE;SUPLENTE;441
25055;Frederico De Vasconcelos Brennand;Engenheiro Fred Brennand;PRD;SUPLENTE;436
22692;Tiago Augusto Nascimento Lima;Dr Tiago Lima;PL;SUPLENTE;432
33222;Alzenildo Jose Pereira Da Silva;Nildo Regente;MOBILIZA;N?O ELEITO;430
25477;Eduardo Campelo De Morais;Eduardo Campelo;PRD;SUPLENTE;429
70163;Antonio Paulo Malta Neves;Paulo Neves;AVANTE;SUPLENTE;427
15444;Marcos Ant?nio Saraiva Do Nascimento;Marc?o Do Povo;MDB;SUPLENTE;426
27615;Elcio Silva Cavalcanti;Dr. Elcio Cavalcanti;DC;N?O ELEITO;411
10665;Fernanda Patricia Santos Do Nascimento;Fernanda Patricia;REPUBLICANOS;SUPLENTE;402
43123;Fernando Rog?rio Leite De Melo;Rog?rio Leite;PV;SUPLENTE;401
22322;Rui Cla?dio Fontes De Amorim;Rui Claudio;PL;SUPLENTE;390
33033;Weyler Soares Fonteles;Soares Protetico;MOBILIZA;N?O ELEITO;390
25677;Fernando Jos? Dos Santos;Fernando Santos;PRD;SUPLENTE;382
55025;Valdete De Souza Santana Barros;Irm? Juninha;PSD;SUPLENTE;381
55622;Francisco De Assis Vitor De Souza;Fio;PSD;SUPLENTE;375
43222;Leandro Ten?rio Da Costa Luna Franca;Leandro Ten?rio;PV;SUPLENTE;369
40222;Candida Valeria Santos Bomfim;C?ndida Bomfim;PSB;SUPLENTE;367
10135;Anderson Dos Santos;Pel? Da Bomba;REPUBLICANOS;SUPLENTE;362
65123;Daniela Alexandre Cesario De Mello;Dani Mello;PC do B;SUPLENTE;360
10124;Igor Nascimento Santana;Tio Iggor;REPUBLICANOS;SUPLENTE;358
50050;Victor Monte Da Silva;Preto Monte;PSOL;SUPLENTE;355
15715;Lucilene Melo Da Silva Gomes;Professora Lu Melo;MDB;SUPLENTE;354
22522;Rosana Veloso Filgueira Galv?o;Rosana Galv?o;PL;SUPLENTE;354
18099;Richardson Jos? Tib?rcio Bezerra;Richardson;REDE;SUPLENTE;348
30800;Expedito Luiz Moura De Queiroz Filho;Expedito Filho;NOVO;SUPLENTE;348
40789;?werly Brunessa Fran?a Rocha;Brunessa Sedutora;PSB;SUPLENTE;347
13660;Alan Kardec Alves Da Silva;Alan Kardec;PT;SUPLENTE;344
27210;Jose Roberto Tomaz;Beto G?s;DC;N?O ELEITO;335
33232;Anna Paula Monteiro De Carvalho;Anna Paula Coletivo Enfermagem;MOBILIZA;N?O ELEITO;333
11888;Severino Carlos Dantas Da Silva;Bolinha;PP;SUPLENTE;332
15456;Alexsandra Maria De Lima Silva;Alexsandra Lima;MDB;SUPLENTE;332
70233;Samuel Ferreira Da Silva;Samuel Ferreira;AVANTE;SUPLENTE;331
30350;Fredick Silva Uchoa Junior;Fred Uchoa;NOVO;SUPLENTE;327
22888;Cleidevania Cavalcante De Lima;Irm? V?nia;PL;SUPLENTE;326
18618;Bruno Paulo Pantoja;Bruno Pantoja;REDE;SUPLENTE;320
50024;Eduardo Paysan Gomes;Eduardo Paysan;PSOL;SUPLENTE;320
25633;Claudia Vicente Da Silva Souza Bezerra;Cal Do Picol?;PRD;SUPLENTE;318
80100;Maria Of?lia Da Silva;Of?lia Do Mlb;UP;N?O ELEITO;315
11234;Jamesson Oliveira De Lira;Jame;PP;SUPLENTE;313
70668;Valderize Milanez Campos De Almeida;Dona Val Dos Direitos Humanos;AVANTE;SUPLENTE;308
70670;Nilton Jose Dos Santos;Mestre Nilton Santos;AVANTE;SUPLENTE;308
10789;Emerson Dias De Barros;Mecinho Da Pizzaria;REPUBLICANOS;SUPLENTE;307
43888;Sandra Maria Dos Santos;Perita Sandra Santos;PV;SUPLENTE;306
22135;Luiz Elias Da Silva Filho;Sub Elias;PL;SUPLENTE;305
80123;Cassiano Gabriel Andrade Bezerra;Cassiano Bezerra;UP;N?O ELEITO;291
50456;Raimundo Jos? De Aguiar;Raimundo Aguiar;PSOL;SUPLENTE;290
22777;Saulo Ataide De Oliveira;Mission?rio Saulo Ata?de;PL;SUPLENTE;287
30777;Ricardo Salas Roldan;Cap Salas;NOVO;SUPLENTE;286
22010;Edileuza Sobreira Viana Da Silva;Edileuza Sobreira;PL;SUPLENTE;285
10130;Josiane Gomes Da Silva;Josiane Da Sa?de;REPUBLICANOS;SUPLENTE;284
55255;Roberta Virginia De Santana Vasconcelos;Dra Roberta Virg?nia;PSD;SUPLENTE;281
11027;Flavio Lucena De Oliveira;Fl?vio Galego;PP;SUPLENTE;277
22050;Carmelinda Marques;Carmem De Areias;PL;SUPLENTE;273
11191;Jo?o Moraes Da Silva Filho;Jo?o Moraes;PP;SUPLENTE;272
15815;Rafaella Poliana Rafael Silva;Rafaella Rafael;MDB;SUPLENTE;272
10615;Josuel Cirilo Dos Santos;Irm?o Josu?;REPUBLICANOS;SUPLENTE;271
65700;Wokymon Ferreira Da Silva;Wokymon Da Sa?de;PC do B;SUPLENTE;269
30221;Carla De Oliveira Pinheiro Silva;Carla Pinheiro;NOVO;SUPLENTE;261
15678;Ivonete Correia De Oliveira;Ivonete Nanete;MDB;SUPLENTE;259
15700;Bruna Karina Anast?cia Gomes Da Silva;Bruna Karina;MDB;SUPLENTE;259
10234;Rosana De Lima Gai?o Da Silva;Mission?ria Rosana Lima;REPUBLICANOS;SUPLENTE;258
15550;Jose Cunto Guerreiro Neto;Neto Guerreiro;MDB;SUPLENTE;256
25321;Marcelus De Albuquerque Ugiette;Marcelus Ugiette;PRD;SUPLENTE;250
55678;Aldeleni Cabral Do Nascimento;Aldi Cabral;PSD;SUPLENTE;250
13500;Josuel Do Espirito Santo;Josuel Do Espirito Santo;PT;SUPLENTE;249
15133;Edvan Barbosa Gomes;Guarda Gentileza;MDB;SUPLENTE;248
70100;Paulo Sergio Da Silva;Irm?o Paulo;AVANTE;SUPLENTE;248
10666;Wandrizy Santos De Lima;Wandrizy De Manoel Messias;REPUBLICANOS;SUPLENTE;242
11113;Virginia Karla Rodrigues Dos Santos;Virg?nia Fotos;PP;SUPLENTE;239
70170;Cristian Douglas Pessoa De Araujo;Douglas Pessoa;AVANTE;SUPLENTE;239
15140;Jailza Christine Silva Reis;Irm? Jailza;MDB;SUPLENTE;238
65222;Fabio Araujo De Souza;Fabio Terra Samba;PC do B;SUPLENTE;238
27555;Idelvar Idelfonso Da Costa;Idelvar Vav?;DC;N?O ELEITO;236
70420;Marco Aurelio De Barros E Silva;Marco Smoke;AVANTE;SUPLENTE;236
43250;Alonso Ferreira De Ara?jo;Alonso Ferreira;PV;SUPLENTE;234
10510;Nadilene Pereira Ribeiro Da Silva;Nadilene Ribeiro;REPUBLICANOS;SUPLENTE;231
43500;C?u Ramos De Albuquerque;C?u Albuquerque;PV;SUPLENTE;231
15020;Deisivaldo Brazilino Soares;Neguete Do Povo;MDB;SUPLENTE;228
43444;Alexandre Pereira Da Silva;Xandy Alian?a Justi?a Social;PV;SUPLENTE;228
25051;Suegilson Benigno Dos Santos;Gilsinho Resenha Juntos;PRD;SUPLENTE;223
27987;Fernando De Oliveira Lima;Fernando Lima;DC;N?O ELEITO;223
70077;Ernando Coloia Ramos Junior;Ernando Coloia;AVANTE;SUPLENTE;223
10180;Janaina Alves Da Silva Costa;Janaina Nanai;REPUBLICANOS;SUPLENTE;220
70111;Redinildo Jose Da Silva;Red Da Farm?cia;AVANTE;SUPLENTE;218
50180;Luana Grasiela Ferreira Batista Dos Santos;Luana Consegue;PSOL;SUPLENTE;217
45789;Robeilton Severino De Lira;Robeilton Lira;PSDB;N?O ELEITO;213
45960;Nivaldo Lopes Dos Santos;Nivaldo Lopes;PSDB;N?O ELEITO;213
22210;Lindinaldo Tom? De Lima;Irm?o Nado;PL;SUPLENTE;212
30722;Wendel Luiz Lima Da Silva;Wendel Luiz;NOVO;SUPLENTE;210
55055;Marlon Henrique Da Silva Bomfim;Marlon Henrique;PSD;SUPLENTE;209
55090;Jorge Nunes Da Silva;Jorge Enfermeiro;PSD;SUPLENTE;209
10300;Robson Fernando Barbosa De Alcantara;Robinho Da Autoescola;REPUBLICANOS;SUPLENTE;208
11211;William Souza Soares Da Silva;William Soares;PP;SUPLENTE;208
30444;Liliane Medeiros De Morais;Lila Medeiros;NOVO;SUPLENTE;204
11007;Silvia Rodrigues Martins Da Silva;Silvia Guaran?;PP;SUPLENTE;203
27127;Jose Vasconcelos Pessoa;Zeca Do Tempero;DC;N?O ELEITO;202
15100;Cletomar Simpl?cio Correia E S?;Cleto Correia;MDB;SUPLENTE;201
33444;Eduardo Caetano Ferreira;Irm?o Eduardo Caetano;MOBILIZA;N?O ELEITO;201
45145;Ant?nio Da Silva;Toinho Da ?gua;PSDB;N?O ELEITO;200
45234;Leonidas Dos Santos Melo;China;PSDB;N?O ELEITO;200
45500;J?natas Rosendo Dos Santos;Jonatas Rosendo;PSDB;N?O ELEITO;200
27700;Carlos Alberto Do Nascimento;Carlos Alberto;DC;N?O ELEITO;198
27197;Adriana Gomes Do Nascimento;Mission?ria Adriana;DC;N?O ELEITO;197
45555;Wellington Jos? Gomes;Wellington Jos?;PSDB;N?O ELEITO;196
27100;Jacilene Maria Nascimento De Fran?a;Joice Do Entra Apulso;DC;N?O ELEITO;194
27789;Thais Azevedo S? De Oliveira;Dra. Thais Azevedo;DC;N?O ELEITO;194
30303;Alexandre Jose Da Costa Carvalho;Alexandre Carvalho;NOVO;SUPLENTE;187
70770;Almir Augusto Pinho Da Silva;Almir De Biriba;AVANTE;SUPLENTE;187
18207;Leopoldina Silvestre Da Silva Barros;Leopoldina Silvestre;REDE;SUPLENTE;185
25223;Leonardo Agabes Pilar Da Silva;Leo Cabe?a;PRD;SUPLENTE;184
55222;Ellinson Jose Ferreira De Lima;Ellinsson Rodovi?rio;PSD;SUPLENTE;183
55000;Rossiane Ebrahim Dowsley Coura De Menezes;Ane Ebrahim;PSD;SUPLENTE;181
30012;Eurizelia Alves De Araujo Moura;Zelia Moura;NOVO;SUPLENTE;180
11411;Vilhenia Cristina Filgueira Dos Santos;Vivi;PP;SUPLENTE;177
30004;Elisangela Gleyse Costa Mendonca;Ellis Mendonca;NOVO;SUPLENTE;176
11333;Elbania Severina Dos Santos;Elba Santos;PP;SUPLENTE;175
10100;Geraldo Tavares Da Silva;Geraldo Tavares Gt;REPUBLICANOS;SUPLENTE;174
55339;Marcelo Rodrigues Da Silva;Marcelo Rodrigues;PSD;SUPLENTE;174
10190;Mara Cecilia Da Cunha Guimar?es;Mara Tea Da Inclusao;REPUBLICANOS;SUPLENTE;171
23030;Rhayssa Alves Felipe Dos Santos;Rhayssa Alves;CIDADANIA;N?O ELEITO;170
27456;Marcos Ant?nio De Oliveira;Marcos Petts;DC;N?O ELEITO;170
22016;Givaldo De Ara?jo Santiago;Sub Oficial Santiago;PL;SUPLENTE;167
25022;Jose Carlos Soares Penha;Dr Penha;PRD;SUPLENTE;166
33633;Claudia Cristina Avelina De Araujo;Claudia Araujo;MOBILIZA;N?O ELEITO;165
33652;Jerry Araujo Tavares;Jerry Pagodinho;MOBILIZA;N?O ELEITO;165
33699;Aecio Da Costa;Aecio Kibiriba;MOBILIZA;N?O ELEITO;165
43043;Maria Da Gra?a De Vasconcelos;Gra?a Vasconcelos Pelo Verde;PV;SUPLENTE;165
11100;Jairo Jose Francisco Metodio;Jairo Met?dio;PP;SUPLENTE;164
11107;Walter De Oliveira Farias;Waltinho Do Bongi;PP;SUPLENTE;164
65111;Maria Jos? Da Silva Albuquerque;Maria Pagodinho;PC do B;SUPLENTE;163
27140;Ivaldo Jose Galdino Da Silva;Madeira;DC;N?O ELEITO;162
30700;Mattheus Mauricio Araujo Pereira;Mattheus Araujo;NOVO;SUPLENTE;161
33888;Lucas Gonzalis Martins Junior;Lucas Junior;MOBILIZA;N?O ELEITO;153
13233;Givanildo Am?ncio Da Silva;Maestro Gil Juntospelacultura;PT;SUPLENTE;151
70664;Luzitania Maria De Lima;Tania Mae De Jo?o;AVANTE;SUPLENTE;151
18777;Elias Jos? Dos Santos;Elias Santos;REDE;SUPLENTE;149
50540;Edvaldo Dos Santos Sales;Edvaldo J?nior;PSOL;SUPLENTE;147
50550;Marilene Dos Santos;Marilene Santos;PSOL;SUPLENTE;147
10915;Neuza Maria Do Nascimento Fran?a;Professora Neuza;REPUBLICANOS;SUPLENTE;145
25100;Adalice Da Silva Rodrigues;Adalice De Adilson Bito;PRD;SUPLENTE;144
55111;Ros?ngela Brasil Galindo De Melo;Rosinha De Carlos Rodolfo;PSD;SUPLENTE;144
43190;Mario Rene De Fran?a;Ren?;PV;SUPLENTE;143
15556;Leonardo Farias Silva;Leo Frete;MDB;SUPLENTE;142
10700;Paulo Henrique Barbosa Da Silva;Paulo Neto Da Sa?de;REPUBLICANOS;SUPLENTE;141
50504;Victor De Queiroz Barros De Souza;Victor Souza;PSOL;SUPLENTE;141
50666;Izaias Aleixo De Souza;Izaias Bahia;PSOL;SUPLENTE;139
27111;Tarciana Ferreira Do Nascimento;Tarciana;DC;N?O ELEITO;135
33001;Edvaldo Gomes Da Silva;Edvaldo Comerciante;MOBILIZA;N?O ELEITO;135
70444;Jefferson Alves De Souza;Pastor Jefferson;AVANTE;SUPLENTE;134
33100;Luciano Oliveira Brito;Luciano Brito;MOBILIZA;N?O ELEITO;133
55777;Andreza Salvador Borges;Andreza Salvador;PSD;SUPLENTE;132
11001;Hosana Guilherme Dos Santos;Hosana Jane;PP;SUPLENTE;129
33031;Elton Pereira Da Silva;Elton Pereira;MOBILIZA;N?O ELEITO;129
22020;Cleidijane Maria Da Silva;Cleidjane Da Enfermagem;PL;SUPLENTE;126
33111;Edivaldo Valentin Da Silva;Edivaldo Valentin;MOBILIZA;N?O ELEITO;126
70107;Maria Emilia Da Silva;Mila Do Mercado;AVANTE;SUPLENTE;125
45508;Jos? Rogney Da Costa;Cear? Das Praias;PSDB;N?O ELEITO;124
70200;Danierica Meira De Gusm?o;Dani Gusm?o;AVANTE;SUPLENTE;122
10101;Bruna Leal Paes Barreto;Bruna Paes Barreto;REPUBLICANOS;SUPLENTE;121
15190;Ana Claudia Gomes Aires;Coronel Claudia;MDB;SUPLENTE;121
11190;Karla Veronica Silva;Karla Sanfoneira;PP;SUPLENTE;119
70300;Maria Do Socorro Ribeiro Da Silva Barboza;Irm? Socorro;AVANTE;SUPLENTE;119
13998;Josefa Barbosa Da Silva;Josy Barbosa;PT;SUPLENTE;117
50500;Weldjane Mary R?gis De Ara?jo;Weldjane Mary;PSOL;SUPLENTE;117
25106;Maria Cle?nia De Oliveira;Dona L?o;PRD;SUPLENTE;116
18050;Rui De Albuquerque Filho;Rui;REDE;SUPLENTE;115
30231;Paulo Belence Alves Dos Prazeres;Paulo Belence;NOVO;SUPLENTE;115
27152;Wedson Lima De Andrade;Wedson Ttk;DC;N?O ELEITO;113
30133;Adriana De Lima Silva;Adriana Vigilante;NOVO;SUPLENTE;113
45645;Osvaldo Alves Cavalcante;Osvaldo Cavalcante;PSDB;N?O ELEITO;112
45777;Mizael Trindade Ferreira;Mizael Trindade;PSDB;N?O ELEITO;112
11112;Marcos Vieira Do Nascimento;Tio Marcos Vieira;PP;SUPLENTE;109
25666;Patricia Eug?nia Da Silva;Patricia Eugenia;PRD;SUPLENTE;109
22555;Caio Eduardo Cardoso Alves;Caio Eduardo;PL;SUPLENTE;108
23001;Agenor J?lio Xavier;Agenor Da ?gua;CIDADANIA;N?O ELEITO;106
25678;Marize Jos? Dos Santos Silva;Mary Da Sa?de;PRD;SUPLENTE;106
70236;Josineide Da Silva Felix;Irm? Neide;AVANTE;SUPLENTE;106
22017;Marcia Ramos De Amorim;Marcia Maia;PL;SUPLENTE;105
27981;Josenildo Teixeira Da Silva;Josenildo Teixeira;DC;N?O ELEITO;104
22015;Rosimery Miguel De Souza;Rosimery Enfermeira;PL;SUPLENTE;103
45123;Emerson Lardi?o De Souza;Emerson Lardi?o;PSDB;N?O ELEITO;103
25222;Henrique Roberto Virginio Do Nascimento;Henrique Roberto;PRD;SUPLENTE;102
27195;Ant?nio Sancler Dias Dos Santos;Sancler;DC;N?O ELEITO;101
27888;Sara Carolina Braga Santos;Sara Braga;DC;N?O ELEITO;101
55888;Jos? Evaristo Alves Filho;Mission?rio Evaristo Filho;PSD;SUPLENTE;101
33323;Eunice Aparecida De Souza Alves De Melo;Eunice Melo;MOBILIZA;N?O ELEITO;100
16123;Caio Marx Lopes Dos Santos;Caio Marx;PSTU;N?O ELEITO;95
11222;Renata Vanessa Barbosa De Lima;Renata Lima;PP;SUPLENTE;94
33555;Josafa Ribeiro Da Silva;Josafa Alabastro;MOBILIZA;N?O ELEITO;93
33609;Nadelson Leite Costa;Nadelson Leite;MOBILIZA;N?O ELEITO;93
70400;Andrenia Bianka Martins De Franca;Andreina Bianka;AVANTE;N?O ELEITO;93
70400;Crislainy De Melo Fabricio;Crislainy Fabricio;AVANTE;N?O ELEITO;93
25765;Liliane Janaina Da Silva;Lili Do Caldinho;PRD;SUPLENTE;92
55655;Anast?cia Otaviano Dantas De S? Cruz;Anastacia De S?;PSD;SUPLENTE;92
22666;Aid? Batista De Santana;Aid? Batista;PL;SUPLENTE;91
55024;Rosineide Da Silva Barbosa;Neide Da Sa?de;PSD;SUPLENTE;88
55234;Daniela Dias Dos Santos;Dani Dias;PSD;SUPLENTE;88
33123;Vilma Maria Ferreira;Vilma Ferreira;MOBILIZA;N?O ELEITO;87
55456;Celso Rodrigues Da Silva;Celso Rodrigues;PSD;SUPLENTE;87
55500;Andr?a Paula Da Silva Costa;Andr?a Costa;PSD;SUPLENTE;87
77000;Aurineque Da Costa Silva Filho;Aurineque Filho;SOLIDARIEDADE;N?O ELEITO;86
23654;Valdir Jos? Da Cruz;Valdir Palha?o;CIDADANIA;N?O ELEITO;85
43211;Thiago Camelo De Oliveira;Thiago Botinha;PV;SUPLENTE;85
11124;Everaldo Nunes Queiroz;Vev?;PP;SUPLENTE;84
25620;Jaqueline Maria Gomes;Jaqueline (M?);PRD;SUPLENTE;84
45040;Ednilson Andr? Dos Santos;Pel? De Deus;PSDB;N?O ELEITO;83
45045;Ant?nio Da Silva Machado;Toinho De Casa Amarela;PSDB;N?O ELEITO;83
50339;Valmir Da Silva Ara?jo;Fub?;PSOL;SUPLENTE;82
13133;Renan Bastos Nunes;Renan Nunes;PT;SUPLENTE;81
70040;Patricia Almeida Matos Diniz;Patricia Diniz;AVANTE;SUPLENTE;81
50007;Tiago Silva;Tiago Silva;PSOL;SUPLENTE;79
33055;Cassio Murilo Coelho Cavalcante;Cassio Cavalcante;MOBILIZA;N?O ELEITO;78
25717;Maria Marques Do Nascimento Flor;Maria Flor;PRD;SUPLENTE;77
16016;Val?ria Do Nascimento Felix;Val?ria Felix;PSTU;N?O ELEITO;76
27222;Glauber Derlland Da Silva Gabriel;Tio Glauber Telecom;DC;N?O ELEITO;76
65145;Romualdo Antonio Da Silva;Neg?o De Nair;PC do B;SUPLENTE;76
55100;Maria Eduarda Dos Santos Pereira;Duda Santos;PSD;SUPLENTE;75
33533;Ronaldo Luiz Gomes Ribeiro;Ronaldinho;MOBILIZA;N?O ELEITO;73
25218;Leandro Wilkerson Bernardo Silva;Leandro Silva;PRD;SUPLENTE;71
30330;Maxmilian Da Costa De Souza;Maxmilian Costa;NOVO;SUPLENTE;71
33122;Robson Lucena Lopes;Robson Lucena ;MOBILIZA;N?O ELEITO;70
33999;Adelson Jos? De Fran?a;Professor Adelson Do Morro;MOBILIZA;N?O ELEITO;69
11200;Thiago Rodrigo Barbosa De Souza;Thiago Da ?gua;PP;SUPLENTE;68
15543;Claudio Ricardo Mendon?a Da Silva;Cl?udio Mendon?a;MDB;SUPLENTE;66
25333;Geraldo Lima Da Rocha;Geraldo Rocha;PRD;SUPLENTE;65
23005;Eriberto Felix De Menezes;Belo Belo Da Bomba;CIDADANIA;N?O ELEITO;63
23333;C?cero Carlos Siqueira Laurindo;Cicero Carlos;CIDADANIA;N?O ELEITO;63
27190;Joaquim Fortunato Da Silva;Sargento Fortunato;DC;N?O ELEITO;62
25567;Luzinete Maria Da Concei??o;Ti?ta Do Agreste;PRD;SUPLENTE;61
30236;Ana Paula Da Silva Alves;Paula Alves;NOVO;SUPLENTE;61
45087;Nicolle Monteiro De Queiroga;Ni Queiroga;PSDB;N?O ELEITO;61
50400;?talo Vin?cius Ramos De Oliveira;?talo Vin?cius;PSOL;SUPLENTE;60
22344;Mercia Damiana Da Silva;M?rcia De Malaquias;PL;SUPLENTE;58
33149;Severino Barros De Oliveira;Severino Toque De Carinho;MOBILIZA;N?O ELEITO;57
33188;Dayse Helena Gomes;Dayse Helena ;MOBILIZA;N?O ELEITO;56
25255;Nazar? Arcelino Da Silva;Nazar? Silva;PRD;SUPLENTE;55
33010;Abel Francisco Da Silva Filho;Abel Filho;MOBILIZA;N?O ELEITO;54
50177;Severino Genario Da Silva;Severino Motoboy;PSOL;SUPLENTE;54
15013;Marina Soares De Souza;Marina Souza;MDB;SUPLENTE;52
70874;Adriana Costa Da Silva;Adri Uchoa;AVANTE;SUPLENTE;51
22500;Dalva Maria Do Carmo;Dalva De Jesus;PL;SUPLENTE;48
33456;Valmir Jose Leonardo;Irm?o Valmir ;MOBILIZA;N?O ELEITO;48
27772;X?nia Jacinto Santos;X?nia;DC;N?O ELEITO;47
11300;Jose Carlos Ferreira Dos Santos;Jos? Carlos Corredor;PP;SUPLENTE;46
11311;Maciel Francisco Dias;Maciel Flores;PP;SUPLENTE;46
30912;Edna Rodrigues Da Silva;Edna Rodrigues;NOVO;SUPLENTE;46
15415;Suzan Kevelin Lacerda Oliveira Brito;Bombom;MDB;SUPLENTE;45
27193;Adriano Salustiano Dos Santos;Adriano Bombeiro;DC;N?O ELEITO;45
15888;Rayane Da Silva Gondim;Rayane Gondim;MDB;SUPLENTE;44
27149;Eunice Maria Da Silva Santos;Nicinha Da Ur Dez;DC;N?O ELEITO;44
33125;Maria De Fatima Das Chagas;Irm? Fatima Chagas;MOBILIZA;N?O ELEITO;42
33433;Jaqueline Santos De Azevedo;Jaqueline Azevedo;MOBILIZA;N?O ELEITO;39
11010;Jefferson Gomes Feitoza;Jefferson Da Direita;PP;SUPLENTE;38
11022;Cintia Paloma Gomes Da Costa;Cintia Costa;PP;SUPLENTE;37
27192;Geronimo Pirro Junior;Junior Pirro;DC;N?O ELEITO;37
55699;Antonio Charles Lucena De Oliveira Mello;Charles Lucena;PSD;SUPLENTE;37
55551;Driane Julia Da Silva;Driane Julia;PSD;SUPLENTE;36
25888;?lvaro Soares De Melo Filho;?lvaro Filho;PRD;SUPLENTE;33
33777;Aderbal Pontes De Queiroz;Aderbal Pontes;MOBILIZA;N?O ELEITO;33
25789;Shertyanne Ferreira Da Silva;Shertyanne Ferreira;PRD;SUPLENTE;32
33620;Carlos Firmino Do Nascimento;Carl?o Da Sa?de;MOBILIZA;N?O ELEITO;32
23000;Larissa Maria Cal? Mesquita;Larissa Cal?;CIDADANIA;N?O ELEITO;30
23233;Durvanice Gon?alves De Oliveira;Branca Durvanice;CIDADANIA;N?O ELEITO;29
23723;Irenildo Jos? Flor?ncio;Djyjo Do Ibura;CIDADANIA;N?O ELEITO;27
27444;Elisangela Ar?cha De Oliveira Laurentino;Pod?loga Eli Ar?cha;DC;N?O ELEITO;27
43111;Lucas Medeiros De Azevedo;Lucas Recife;PV;SUPLENTE;27
25788;Ana Maria Viana Da Silva Souza;Anna Viana;PRD;SUPLENTE;25
27007;Egre Ara?jo Guerra;Egre Guerra;DC;N?O ELEITO;24
55121;Ericka De Sousa Rodrigues;Pastora Ericka;PSD;SUPLENTE;23
55321;Maria Da Concei??o Cunha Do Nascimento;Fia Da Ong;PSD;SUPLENTE;23
23646;Joaquim Marques Bezerra;Prof Joaquim;CIDADANIA;N?O ELEITO;20
27306;Elaine Pereira Do Nascimento;Professora Elaine;DC;N?O ELEITO;20
45013;Maria De F?tima Ferreira Mendes;F?tima Mendes;PSDB;N?O ELEITO;18
45022;Dayse Ferreira Brand?o Rocha;Dayse Brand?o;PSDB;N?O ELEITO;18
29999;Roberta Rita Cavalcanti Pereira;Roberta Rita;PCO;N?O ELEITO;15
27670;Joel Andr? Soares De Souza;Joel Do Povo;DC;N?O ELEITO;14
27999;Maria Angelica Felix Dos Santos;Irm? Angelica;DC;N?O ELEITO;13
29000;Klever Jos? Da Silva Garrett;Jos? Da Silva;PCO;N?O ELEITO;13
33067;Lucia Maria Silva De Oliveira;Lucia Das Comidinhas;MOBILIZA;N?O ELEITO;10
33166;Roberia Surama Fernandes Pincho;Roberia Pincho;MOBILIZA;N?O ELEITO;7
33190;Mario Cesar Clementino De Souza;Mario Clementino;MOBILIZA;N?O ELEITO;7
33313;Adriana Souza Pinheiro;Drica Do Povo;MOBILIZA;N?O ELEITO;6
10045;Swamy Feitosa Ribas;Mi;REPUBLICANOS;SUPLENTE;4
45001;Raissa Isabelly Ferreira Vasconcelos Da Silva;Raissa Isabelly;PSDB;N?O ELEITO;2
27001;Jose Ricardo Das Neves;Ricardo Das Neves;DC;N?O ELEITO;1
33120;Maiara Cristina Nascimento Gouveia;Mission?ria Mayara;MOBILIZA;N?O ELEITO;0
